<BackupInst xmlns="http://www.microsoft.com/GroupPolicy/GPOOperations/Manifest"><GPOGuid><![CDATA[{E3D61B35-6DD1-439E-A9DC-E0FF820CB3C0}]]></GPOGuid><GPODomain><![CDATA[CIS.BM]]></GPODomain><GPODomainGuid><![CDATA[{09a94884-59a0-4a2a-8795-69a6bc23c4e7}]]></GPODomainGuid><GPODomainController><![CDATA[WindowsBMDC.CIS.BM]]></GPODomainController><BackupTime><![CDATA[2022-04-19T17:38:39]]></BackupTime><ID><![CDATA[{2E89C788-98BF-4EC0-A6DE-7F6204989558}]]></ID><Comment><![CDATA[CIS Microsoft Windows Server 2016 Domain Controller Level 1]]></Comment><GPODisplayName><![CDATA[Windows Server 2016 21H2 DC L1]]></GPODisplayName></BackupInst>
