<BackupInst xmlns="http://www.microsoft.com/GroupPolicy/GPOOperations/Manifest"><GPOGuid><![CDATA[{D538C6FE-DF64-45EC-8CCA-DA6D2EF7221A}]]></GPOGuid><GPODomain><![CDATA[CIS.BM]]></GPODomain><GPODomainGuid><![CDATA[{09a94884-59a0-4a2a-8795-69a6bc23c4e7}]]></GPODomainGuid><GPODomainController><![CDATA[WindowsBMDC.CIS.BM]]></GPODomainController><BackupTime><![CDATA[2022-05-09T18:21:38]]></BackupTime><ID><![CDATA[{DB8D541A-2F6B-4F39-A5DE-C3778F6E604B}]]></ID><Comment><![CDATA[CIS Microsoft Windows Server 2012 R2 (21H2) User Level 1]]></Comment><GPODisplayName><![CDATA[Windows Server 2012 R2 21H2 User L1]]></GPODisplayName></BackupInst>
