<BackupInst xmlns="http://www.microsoft.com/GroupPolicy/GPOOperations/Manifest"><GPOGuid><![CDATA[{860095B6-6F0E-4BC8-8852-7E9D7CCE8681}]]></GPOGuid><GPODomain><![CDATA[CIS.BM]]></GPODomain><GPODomainGuid><![CDATA[{09a94884-59a0-4a2a-8795-69a6bc23c4e7}]]></GPODomainGuid><GPODomainController><![CDATA[WindowsBMDC.CIS.BM]]></GPODomainController><BackupTime><![CDATA[2022-04-19T17:43:16]]></BackupTime><ID><![CDATA[{88BBADD6-6BAE-4CDA-9F88-D6B24E141E7C}]]></ID><Comment><![CDATA[CIS Microsoft Windows Server 2016 Member Server Level 2]]></Comment><GPODisplayName><![CDATA[Windows Server 2016 21H2 MS L2]]></GPODisplayName></BackupInst>
