<BackupInst xmlns="http://www.microsoft.com/GroupPolicy/GPOOperations/Manifest"><GPOGuid><![CDATA[{F8988EBF-2706-428B-8331-6EBDCBF82007}]]></GPOGuid><GPODomain><![CDATA[CIS.BM]]></GPODomain><GPODomainGuid><![CDATA[{09a94884-59a0-4a2a-8795-69a6bc23c4e7}]]></GPODomainGuid><GPODomainController><![CDATA[WindowsBMDC.CIS.BM]]></GPODomainController><BackupTime><![CDATA[2022-04-19T17:49:17]]></BackupTime><ID><![CDATA[{E3D4AEA4-EFEE-4C04-B159-F8AF9720FF4D}]]></ID><Comment><![CDATA[CIS Microsoft Windows Server 2016 User Level 2]]></Comment><GPODisplayName><![CDATA[Windows Server 2016 21H2 User L2]]></GPODisplayName></BackupInst>
