<Backups xmlns="http://www.microsoft.com/GroupPolicy/GPOOperations/Manifest" xmlns:mfst="http://www.microsoft.com/GroupPolicy/GPOOperations/Manifest" mfst:version="1.0"><BackupInst><GPOGuid><![CDATA[{7113EC07-81C8-4D51-9999-D4FBCCCED566}]]></GPOGuid><GPODomain><![CDATA[CIS.BM]]></GPODomain><GPODomainGuid><![CDATA[{09a94884-59a0-4a2a-8795-69a6bc23c4e7}]]></GPODomainGuid><GPODomainController><![CDATA[WindowsBMDC.CIS.BM]]></GPODomainController><BackupTime><![CDATA[2022-04-19T17:39:51]]></BackupTime><ID><![CDATA[{7ABF7EC9-612D-46DD-B100-D1B196048C39}]]></ID><Comment><![CDATA[CIS Microsoft Windows Server 2016 Domain Controller Level 1 Services]]></Comment><GPODisplayName><![CDATA[Windows Server 2016 21H2 DC L1 Services]]></GPODisplayName></BackupInst></Backups>