<Backups xmlns="http://www.microsoft.com/GroupPolicy/GPOOperations/Manifest" xmlns:mfst="http://www.microsoft.com/GroupPolicy/GPOOperations/Manifest" mfst:version="1.0"><BackupInst><GPOGuid><![CDATA[{C0AD4EE1-D318-48DF-8BD9-B79CBFD84F65}]]></GPOGuid><GPODomain><![CDATA[CIS.BM]]></GPODomain><GPODomainGuid><![CDATA[{09a94884-59a0-4a2a-8795-69a6bc23c4e7}]]></GPODomainGuid><GPODomainController><![CDATA[WindowsBMDC.CIS.BM]]></GPODomainController><BackupTime><![CDATA[2022-05-09T18:21:11]]></BackupTime><ID><![CDATA[{DE06144E-46DB-442D-8265-D8814DC7998E}]]></ID><Comment><![CDATA[CIS Microsoft Windows Server 2012 R2 (21H2) Member Server Level 2 Services]]></Comment><GPODisplayName><![CDATA[Windows Server 2012 R2 21H2 MS L2 Services]]></GPODisplayName></BackupInst></Backups>