<Backups xmlns="http://www.microsoft.com/GroupPolicy/GPOOperations/Manifest" xmlns:mfst="http://www.microsoft.com/GroupPolicy/GPOOperations/Manifest" mfst:version="1.0"><BackupInst><GPOGuid><![CDATA[{A6E931A7-60C2-4FD2-B9FC-340B96A98A14}]]></GPOGuid><GPODomain><![CDATA[CIS.BM]]></GPODomain><GPODomainGuid><![CDATA[{09a94884-59a0-4a2a-8795-69a6bc23c4e7}]]></GPODomainGuid><GPODomainController><![CDATA[WindowsBMDC.CIS.BM]]></GPODomainController><BackupTime><![CDATA[2022-04-19T17:41:12]]></BackupTime><ID><![CDATA[{AFAD83A6-1E1D-48A8-BC88-2930F94EA105}]]></ID><Comment><![CDATA[CIS Microsoft Windows Server 2016 Domain Controller Level 2]]></Comment><GPODisplayName><![CDATA[Windows Server 2016 21H2 DC L2]]></GPODisplayName></BackupInst></Backups>