<Backups xmlns="http://www.microsoft.com/GroupPolicy/GPOOperations/Manifest" xmlns:mfst="http://www.microsoft.com/GroupPolicy/GPOOperations/Manifest" mfst:version="1.0"><BackupInst><GPOGuid><![CDATA[{B5678885-C731-47EC-9B49-404D6DF80031}]]></GPOGuid><GPODomain><![CDATA[CIS.BM]]></GPODomain><GPODomainGuid><![CDATA[{09a94884-59a0-4a2a-8795-69a6bc23c4e7}]]></GPODomainGuid><GPODomainController><![CDATA[WindowsBMDC.CIS.BM]]></GPODomainController><BackupTime><![CDATA[2022-04-19T17:47:05]]></BackupTime><ID><![CDATA[{A7031AFA-B67C-40F4-8693-C1B870060785}]]></ID><Comment><![CDATA[CIS Microsoft Windows Server 2016 Member Server Next Generation]]></Comment><GPODisplayName><![CDATA[#Windows Server 2016 21H2 MS NGWS]]></GPODisplayName></BackupInst></Backups>