<?xml version="1.0" encoding="utf-8"?><!-- Copyright (c) Microsoft Corporation.  All rights reserved. --><GroupPolicyBackupScheme bkp:version="2.0" bkp:type="GroupPolicyBackupTemplate" xmlns:bkp="http://www.microsoft.com/GroupPolicy/GPOOperations" xmlns="http://www.microsoft.com/GroupPolicy/GPOOperations">
    <GroupPolicyObject><SecurityGroups><Group><Sid/><SamAccountName><![CDATA[Administrators]]></SamAccountName><Type><![CDATA[Unknown]]></Type><NetBIOSDomainName/><DnsDomainName/><UPN/></Group><Group bkp:Source="FromDACL"><Sid><![CDATA[S-1-5-21-1817266515-3581501902-3639624083-519]]></Sid><SamAccountName><![CDATA[Enterprise Admins]]></SamAccountName><Type><![CDATA[UniversalGroup]]></Type><NetBIOSDomainName><![CDATA[CIS]]></NetBIOSDomainName><DnsDomainName><![CDATA[CIS.BM]]></DnsDomainName><UPN><![CDATA[Enterprise Admins@CIS.BM]]></UPN></Group><Group bkp:Source="FromDACL"><Sid><![CDATA[S-1-5-21-1817266515-3581501902-3639624083-512]]></Sid><SamAccountName><![CDATA[Domain Admins]]></SamAccountName><Type><![CDATA[GlobalGroup]]></Type><NetBIOSDomainName><![CDATA[CIS]]></NetBIOSDomainName><DnsDomainName><![CDATA[CIS.BM]]></DnsDomainName><UPN><![CDATA[Domain Admins@CIS.BM]]></UPN></Group></SecurityGroups><FilePaths/><GroupPolicyCoreSettings><ID><![CDATA[{A6E931A7-60C2-4FD2-B9FC-340B96A98A14}]]></ID><Domain><![CDATA[CIS.BM]]></Domain><SecurityDescriptor>01 00 04 9c 00 00 00 00 00 00 00 00 00 00 00 00 14 00 00 00 04 00 ec 00 08 00 00 00 05 02 28 00 00 01 00 00 01 00 00 00 8f fd ac ed b3 ff d1 11 b4 1d 00 a0 c9 68 f9 39 01 01 00 00 00 00 00 05 0b 00 00 00 00 00 24 00 ff 00 0f 00 01 05 00 00 00 00 00 05 15 00 00 00 53 49 51 6c ce 61 79 d5 93 41 f0 d8 00 02 00 00 00 02 24 00 ff 00 0f 00 01 05 00 00 00 00 00 05 15 00 00 00 53 49 51 6c ce 61 79 d5 93 41 f0 d8 00 02 00 00 00 02 24 00 ff 00 0f 00 01 05 00 00 00 00 00 05 15 00 00 00 53 49 51 6c ce 61 79 d5 93 41 f0 d8 07 02 00 00 00 02 14 00 94 00 02 00 01 01 00 00 00 00 00 05 09 00 00 00 00 02 14 00 94 00 02 00 01 01 00 00 00 00 00 05 0b 00 00 00 00 02 14 00 ff 00 0f 00 01 01 00 00 00 00 00 05 12 00 00 00 00 0a 14 00 ff 00 0f 00 01 01 00 00 00 00 00 03 00 00 00 00</SecurityDescriptor><DisplayName><![CDATA[Windows Server 2016 21H2 DC L2]]></DisplayName><Options><![CDATA[0]]></Options><UserVersionNumber><![CDATA[0]]></UserVersionNumber><MachineVersionNumber><![CDATA[3866683]]></MachineVersionNumber><MachineExtensionGuids><![CDATA[[{35378EAC-683F-11D2-A89A-00C04FBBCFA2}{D02B1F72-3407-48AE-BA88-E8213C6761F1}][{827D319E-6EAC-11D2-A4EA-00C04F79F83A}{803E14A0-B4FB-11D0-A0D0-00A0C90F574B}]]]></MachineExtensionGuids><UserExtensionGuids/><WMIFilter/></GroupPolicyCoreSettings> 
        <GroupPolicyExtension bkp:ID="{35378EAC-683F-11D2-A89A-00C04FBBCFA2}" bkp:DescName="Registry">
            <FSObjectFile bkp:Path="%GPO_MACH_FSPATH%\registry.pol" bkp:SourceExpandedPath="\\WindowsBMDC.CIS.BM\sysvol\CIS.BM\Policies\{A6E931A7-60C2-4FD2-B9FC-340B96A98A14}\Machine\registry.pol" bkp:Location="DomainSysvol\GPO\Machine\registry.pol"/>
            
            <FSObjectFile bkp:Path="%GPO_FSPATH%\Adm\*.*" bkp:SourceExpandedPath="\\WindowsBMDC.CIS.BM\sysvol\CIS.BM\Policies\{A6E931A7-60C2-4FD2-B9FC-340B96A98A14}\Adm\*.*"><FSObjectFile bkp:Path="%GPO_FSPATH%\Adm\Disable-IPv6-Components-KB929852.adm" bkp:SourceExpandedPath="\\WindowsBMDC.CIS.BM\sysvol\CIS.BM\Policies\{A6E931A7-60C2-4FD2-B9FC-340B96A98A14}\Adm\Disable-IPv6-Components-KB929852.adm" bkp:Location="DomainSysvol\GPO\Adm\Disable-IPv6-Components-KB929852.adm"/></FSObjectFile>
        </GroupPolicyExtension>
        
        
        
        
        <GroupPolicyExtension bkp:ID="{827D319E-6EAC-11D2-A4EA-00C04F79F83A}" bkp:DescName="Security">
            <FSObjectFile bkp:Path="%GPO_MACH_FSPATH%\microsoft\windows nt\SecEdit\GptTmpl.inf" bkp:SourceExpandedPath="\\WindowsBMDC.CIS.BM\sysvol\CIS.BM\Policies\{A6E931A7-60C2-4FD2-B9FC-340B96A98A14}\Machine\microsoft\windows nt\SecEdit\GptTmpl.inf" bkp:ReEvaluateFunction="SecurityValidateSettings" bkp:Location="DomainSysvol\GPO\Machine\microsoft\windows nt\SecEdit\GptTmpl.inf"/>
        </GroupPolicyExtension>
        
        
        
        
    <GroupPolicyExtension bkp:ID="{F15C46CD-82A0-4C2D-A210-5D0D3182A418}" bkp:DescName="Unknown Extension"><FSObjectDir bkp:Path="%GPO_FSPATH%\Adm" bkp:SourceExpandedPath="\\WindowsBMDC.CIS.BM\sysvol\CIS.BM\Policies\{A6E931A7-60C2-4FD2-B9FC-340B96A98A14}\Adm" bkp:Location="DomainSysvol\GPO\Adm"/><FSObjectFile bkp:Path="%GPO_MACH_FSPATH%\comment.cmtx" bkp:SourceExpandedPath="\\WindowsBMDC.CIS.BM\sysvol\CIS.BM\Policies\{A6E931A7-60C2-4FD2-B9FC-340B96A98A14}\Machine\comment.cmtx" bkp:Location="DomainSysvol\GPO\Machine\comment.cmtx"/><FSObjectDir bkp:Path="%GPO_MACH_FSPATH%\Microsoft" bkp:SourceExpandedPath="\\WindowsBMDC.CIS.BM\sysvol\CIS.BM\Policies\{A6E931A7-60C2-4FD2-B9FC-340B96A98A14}\Machine\Microsoft" bkp:Location="DomainSysvol\GPO\Machine\Microsoft"/><FSObjectDir bkp:Path="%GPO_MACH_FSPATH%\Microsoft\Windows NT" bkp:SourceExpandedPath="\\WindowsBMDC.CIS.BM\sysvol\CIS.BM\Policies\{A6E931A7-60C2-4FD2-B9FC-340B96A98A14}\Machine\Microsoft\Windows NT" bkp:Location="DomainSysvol\GPO\Machine\Microsoft\Windows NT"/><FSObjectDir bkp:Path="%GPO_MACH_FSPATH%\Microsoft\Windows NT\SecEdit" bkp:SourceExpandedPath="\\WindowsBMDC.CIS.BM\sysvol\CIS.BM\Policies\{A6E931A7-60C2-4FD2-B9FC-340B96A98A14}\Machine\Microsoft\Windows NT\SecEdit" bkp:Location="DomainSysvol\GPO\Machine\Microsoft\Windows NT\SecEdit"/><FSObjectDir bkp:Path="%GPO_MACH_FSPATH%\Scripts" bkp:SourceExpandedPath="\\WindowsBMDC.CIS.BM\sysvol\CIS.BM\Policies\{A6E931A7-60C2-4FD2-B9FC-340B96A98A14}\Machine\Scripts" bkp:Location="DomainSysvol\GPO\Machine\Scripts"/><FSObjectDir bkp:Path="%GPO_MACH_FSPATH%\Scripts\Shutdown" bkp:SourceExpandedPath="\\WindowsBMDC.CIS.BM\sysvol\CIS.BM\Policies\{A6E931A7-60C2-4FD2-B9FC-340B96A98A14}\Machine\Scripts\Shutdown" bkp:Location="DomainSysvol\GPO\Machine\Scripts\Shutdown"/><FSObjectDir bkp:Path="%GPO_MACH_FSPATH%\Scripts\Startup" bkp:SourceExpandedPath="\\WindowsBMDC.CIS.BM\sysvol\CIS.BM\Policies\{A6E931A7-60C2-4FD2-B9FC-340B96A98A14}\Machine\Scripts\Startup" bkp:Location="DomainSysvol\GPO\Machine\Scripts\Startup"/></GroupPolicyExtension></GroupPolicyObject>
</GroupPolicyBackupScheme>