<BackupInst xmlns="http://www.microsoft.com/GroupPolicy/GPOOperations/Manifest"><GPOGuid><![CDATA[{45972145-2DC7-4D24-937C-F148C258FECA}]]></GPOGuid><GPODomain><![CDATA[CIS.BM]]></GPODomain><GPODomainGuid><![CDATA[{09a94884-59a0-4a2a-8795-69a6bc23c4e7}]]></GPODomainGuid><GPODomainController><![CDATA[WindowsBMDC.CIS.BM]]></GPODomainController><BackupTime><![CDATA[2022-04-19T17:48:06]]></BackupTime><ID><![CDATA[{6638805E-14C6-45A6-96FD-2F91045F5C07}]]></ID><Comment><![CDATA[CIS Microsoft Windows Server 2016 User Level 1]]></Comment><GPODisplayName><![CDATA[Windows Server 2016 21H2 User L1]]></GPODisplayName></BackupInst>
