<BackupInst xmlns="http://www.microsoft.com/GroupPolicy/GPOOperations/Manifest"><GPOGuid><![CDATA[{DFD6BB9C-89A3-4B27-92A5-A4983D72EFF6}]]></GPOGuid><GPODomain><![CDATA[CIS.BM]]></GPODomain><GPODomainGuid><![CDATA[{09a94884-59a0-4a2a-8795-69a6bc23c4e7}]]></GPODomainGuid><GPODomainController><![CDATA[WindowsBMDC.CIS.BM]]></GPODomainController><BackupTime><![CDATA[2022-05-09T18:18:26]]></BackupTime><ID><![CDATA[{58C4BEA1-E2CB-4FA9-8F85-CEED74E875F8}]]></ID><Comment><![CDATA[CIS Microsoft Windows Server 2012 R2 (21H2) Domain Controller Level 1]]></Comment><GPODisplayName><![CDATA[Windows Server 2012 R2 21H2 DC L1]]></GPODisplayName></BackupInst>
