<Backups xmlns="http://www.microsoft.com/GroupPolicy/GPOOperations/Manifest" xmlns:mfst="http://www.microsoft.com/GroupPolicy/GPOOperations/Manifest" mfst:version="1.0"><BackupInst><GPOGuid><![CDATA[{BCA276F5-BAFB-4B47-8968-DF8358714A0B}]]></GPOGuid><GPODomain><![CDATA[CIS.BM]]></GPODomain><GPODomainGuid><![CDATA[{09a94884-59a0-4a2a-8795-69a6bc23c4e7}]]></GPODomainGuid><GPODomainController><![CDATA[WindowsBMDC.CIS.BM]]></GPODomainController><BackupTime><![CDATA[2022-05-09T18:22:00]]></BackupTime><ID><![CDATA[{CA9D5CD1-1287-4686-82AF-C1A96E882B2F}]]></ID><Comment><![CDATA[CIS Microsoft Windows Server 2012 R2 (21H2) User Level 2]]></Comment><GPODisplayName><![CDATA[Windows Server 2012 R2 21H2 User L2]]></GPODisplayName></BackupInst></Backups>