<Backups xmlns="http://www.microsoft.com/GroupPolicy/GPOOperations/Manifest" xmlns:mfst="http://www.microsoft.com/GroupPolicy/GPOOperations/Manifest" mfst:version="1.0"><BackupInst><GPOGuid><![CDATA[{41AF5790-BC96-4376-B1DB-00EF8DBDD890}]]></GPOGuid><GPODomain><![CDATA[CIS.BM]]></GPODomain><GPODomainGuid><![CDATA[{09a94884-59a0-4a2a-8795-69a6bc23c4e7}]]></GPODomainGuid><GPODomainController><![CDATA[WindowsBMDC.CIS.BM]]></GPODomainController><BackupTime><![CDATA[2022-04-19T17:41:57]]></BackupTime><ID><![CDATA[{C2B32CAC-DEDA-4641-B6A1-DB253A56AFBC}]]></ID><Comment><![CDATA[CIS Microsoft Windows Server 2016 Domain Controller Next Generation]]></Comment><GPODisplayName><![CDATA[Windows Server 2016 21H2 DC NGWS]]></GPODisplayName></BackupInst></Backups>