<BackupInst xmlns="http://www.microsoft.com/GroupPolicy/GPOOperations/Manifest"><GPOGuid><![CDATA[{3DE89F18-2C98-4B1A-88A9-F248634F56BA}]]></GPOGuid><GPODomain><![CDATA[CIS.BM]]></GPODomain><GPODomainGuid><![CDATA[{09a94884-59a0-4a2a-8795-69a6bc23c4e7}]]></GPODomainGuid><GPODomainController><![CDATA[WindowsBMDC.CIS.BM]]></GPODomainController><BackupTime><![CDATA[2022-04-19T17:42:39]]></BackupTime><ID><![CDATA[{5F532AC0-1A17-46D3-BCF2-8F5733C2309B}]]></ID><Comment><![CDATA[CIS Microsoft Windows Server 2016 Member Server Level 1]]></Comment><GPODisplayName><![CDATA[Windows Server 2016 21H2 MS L1]]></GPODisplayName></BackupInst>
