<BackupInst xmlns="http://www.microsoft.com/GroupPolicy/GPOOperations/Manifest"><GPOGuid><![CDATA[{1574CDD3-ABCB-4BE8-8A49-A55EE9902773}]]></GPOGuid><GPODomain><![CDATA[CIS.BM]]></GPODomain><GPODomainGuid><![CDATA[{09a94884-59a0-4a2a-8795-69a6bc23c4e7}]]></GPODomainGuid><GPODomainController><![CDATA[WindowsBMDC.CIS.BM]]></GPODomainController><BackupTime><![CDATA[2022-05-09T18:19:54]]></BackupTime><ID><![CDATA[{A108D0EE-CB06-4A7C-897A-11024E202C78}]]></ID><Comment><![CDATA[CIS Microsoft Windows Server 2012 R2 (21H2) Domain Controller Level 2]]></Comment><GPODisplayName><![CDATA[Windows Server 2012 R2 21H2 DC L2]]></GPODisplayName></BackupInst>
