<Backups xmlns="http://www.microsoft.com/GroupPolicy/GPOOperations/Manifest" xmlns:mfst="http://www.microsoft.com/GroupPolicy/GPOOperations/Manifest" mfst:version="1.0"><BackupInst><GPOGuid><![CDATA[{78C56236-573E-4268-8902-F6FAA0A905EC}]]></GPOGuid><GPODomain><![CDATA[CIS.BM]]></GPODomain><GPODomainGuid><![CDATA[{09a94884-59a0-4a2a-8795-69a6bc23c4e7}]]></GPODomainGuid><GPODomainController><![CDATA[WindowsBMDC.CIS.BM]]></GPODomainController><BackupTime><![CDATA[2022-04-19T17:46:21]]></BackupTime><ID><![CDATA[{EEA2FB25-D2BF-452E-A25B-E9831A6E7B32}]]></ID><Comment><![CDATA[CIS Microsoft Windows Server 2016 Member Server Level 2 Services]]></Comment><GPODisplayName><![CDATA[Windows Server 2016 21H2 MS L2 Services]]></GPODisplayName></BackupInst></Backups>