<Backups xmlns="http://www.microsoft.com/GroupPolicy/GPOOperations/Manifest" xmlns:mfst="http://www.microsoft.com/GroupPolicy/GPOOperations/Manifest" mfst:version="1.0"><BackupInst><GPOGuid><![CDATA[{C50CC36C-A9F3-46E5-80F9-84EE667EE35F}]]></GPOGuid><GPODomain><![CDATA[CIS.BM]]></GPODomain><GPODomainGuid><![CDATA[{09a94884-59a0-4a2a-8795-69a6bc23c4e7}]]></GPODomainGuid><GPODomainController><![CDATA[WindowsBMDC.CIS.BM]]></GPODomainController><BackupTime><![CDATA[2022-05-09T18:20:21]]></BackupTime><ID><![CDATA[{61CEBB27-3718-4AFB-815C-CB25CCA131E9}]]></ID><Comment><![CDATA[CIS Microsoft Windows Server 2012 R2 (21H2) Member Server Level 1]]></Comment><GPODisplayName><![CDATA[Windows Server 2012 R2 21H2 MS L1]]></GPODisplayName></BackupInst></Backups>