<Backups xmlns="http://www.microsoft.com/GroupPolicy/GPOOperations/Manifest" xmlns:mfst="http://www.microsoft.com/GroupPolicy/GPOOperations/Manifest" mfst:version="1.0"><BackupInst><GPOGuid><![CDATA[{927F4189-7E42-456E-B487-2A863C78DD99}]]></GPOGuid><GPODomain><![CDATA[CIS.BM]]></GPODomain><GPODomainGuid><![CDATA[{09a94884-59a0-4a2a-8795-69a6bc23c4e7}]]></GPODomainGuid><GPODomainController><![CDATA[WindowsBMDC.CIS.BM]]></GPODomainController><BackupTime><![CDATA[2022-05-09T18:20:45]]></BackupTime><ID><![CDATA[{A83B9803-172D-486A-9F8A-1BBFBF058088}]]></ID><Comment><![CDATA[CIS Microsoft Windows Server 2012 R2 (21H2) Member Server Level 2]]></Comment><GPODisplayName><![CDATA[Windows Server 2012 R2 21H2 MS L2]]></GPODisplayName></BackupInst></Backups>