<Backups xmlns="http://www.microsoft.com/GroupPolicy/GPOOperations/Manifest" xmlns:mfst="http://www.microsoft.com/GroupPolicy/GPOOperations/Manifest" mfst:version="1.0"><BackupInst><GPOGuid><![CDATA[{9896297F-6374-4F8B-9052-58C3678D2E0D}]]></GPOGuid><GPODomain><![CDATA[CIS.BM]]></GPODomain><GPODomainGuid><![CDATA[{09a94884-59a0-4a2a-8795-69a6bc23c4e7}]]></GPODomainGuid><GPODomainController><![CDATA[WindowsBMDC.CIS.BM]]></GPODomainController><BackupTime><![CDATA[2022-05-09T18:19:35]]></BackupTime><ID><![CDATA[{4670BECC-783B-46E2-BA9E-9A1B9ACCDA02}]]></ID><Comment><![CDATA[CIS Microsoft Windows Server 2012 R2 (21H2) Domain Controller Level 1 Services]]></Comment><GPODisplayName><![CDATA[Windows Server 2012 R2 21H2 DC L1 Services]]></GPODisplayName></BackupInst></Backups>